time_ms,edc_db
0,0
1,0
2,0
3,0
4,-0.945422
5,-1.46306
6,-1.911
7,-1.9763
8,-2.00566
9,-2.02183
10,-2.03032
11,-2.1233
12,-2.51271
13,-2.86403
14,-3.1079
15,-3.22071
16,-3.35041
17,-3.56224
18,-3.86523
19,-4.01388
20,-4.13078
21,-4.39218
22,-4.61784
23,-4.74185
24,-4.90538
25,-5.13222
26,-5.25433
27,-5.40549
28,-5.58944
29,-5.71456
30,-5.85052
31,-6.00508
32,-6.12709
33,-6.28425
34,-6.39871
35,-6.54323
36,-6.68594
37,-6.84759
38,-7.02084
39,-7.16213
40,-7.3299
41,-7.50222
42,-7.6641
43,-7.81108
44,-7.97449
45,-8.11182
46,-8.27826
47,-8.41905
48,-8.58969
49,-8.72511
50,-8.88174
51,-9.02607
52,-9.1748
53,-9.31698
54,-9.46615
55,-9.62971
56,-9.78058
57,-9.93878
58,-10.1011
59,-10.2507
60,-10.4082
61,-10.5686
62,-10.7405
63,-10.8764
64,-11.013
65,-11.1543
66,-11.307
67,-11.4469
68,-11.5981
69,-11.731
70,-11.8753
71,-12.0441
72,-12.1957
73,-12.3341
74,-12.4746
75,-12.6216
76,-12.7527
77,-12.9191
78,-13.0473
79,-13.2039
80,-13.3561
81,-13.5079
82,-13.6439
83,-13.7569
84,-13.9001
85,-14.0494
86,-14.1934
87,-14.3299
88,-14.4773
89,-14.6125
90,-14.7644
91,-14.9135
92,-15.06
93,-15.2002
94,-15.334
95,-15.484
96,-15.6335
97,-15.7697
98,-15.9039
99,-16.0309
100,-16.1655
101,-16.2881
102,-16.4232
103,-16.5597
104,-16.7107
105,-16.8432
106,-16.9921
107,-17.1439
108,-17.2867
109,-17.4284
110,-17.5937
111,-17.7288
112,-17.8593
113,-17.9871
114,-18.1117
115,-18.2565
116,-18.3988
117,-18.531
118,-18.6655
119,-18.8248
120,-18.9614
121,-19.1058
122,-19.2264
123,-19.3601
124,-19.4856
125,-19.6043
126,-19.7453
127,-19.87
128,-19.9931
129,-20.1101
130,-20.2589
131,-20.4019
132,-20.5503
133,-20.6944
134,-20.8249
135,-20.9677
136,-21.107
137,-21.2488
138,-21.3846
139,-21.532
140,-21.6978
141,-21.8514
142,-21.9677
143,-22.0956
144,-22.229
145,-22.3686
146,-22.5024
147,-22.6336
148,-22.7883
149,-22.9076
150,-23.0556
151,-23.1665
152,-23.2958
153,-23.436
154,-23.5719
155,-23.7416
156,-23.8741
157,-24.0079
158,-24.1333
159,-24.2673
160,-24.4223
161,-24.5608
162,-24.7053
163,-24.8207
164,-24.955
165,-25.0889
166,-25.2388
167,-25.3698
168,-25.5042
169,-25.6433
170,-25.7665
171,-25.901
172,-26.0494
173,-26.1547
174,-26.2752
175,-26.4258
176,-26.5502
177,-26.705
178,-26.8543
179,-26.973
180,-27.1142
181,-27.2511
182,-27.371
183,-27.4992
184,-27.6401
185,-27.7701
186,-27.891
187,-28.0187
188,-28.1423
189,-28.2585
190,-28.3854
191,-28.5104
192,-28.6254
193,-28.7578
194,-28.8881
195,-29.0038
196,-29.1548
197,-29.3204
198,-29.4401
199,-29.5637
200,-29.7034
201,-29.8179
202,-29.9639
203,-30.0717
204,-30.1831
205,-30.3273
206,-30.4904
207,-30.6445
208,-30.7763
209,-30.9099
210,-31.0154
211,-31.1585
212,-31.2662
213,-31.3791
214,-31.5112
215,-31.6381
216,-31.7798
217,-31.8882
218,-32.0292
219,-32.1534
220,-32.2633
221,-32.3783
222,-32.4933
223,-32.6168
224,-32.7261
225,-32.8714
226,-33.002
227,-33.1089
228,-33.2127
229,-33.3407
230,-33.4593
231,-33.5971
232,-33.7311
233,-33.8302
234,-33.9839
235,-34.1538
236,-34.3173
237,-34.4521
238,-34.5873
239,-34.7395
240,-34.8706
241,-35.008
242,-35.1288
243,-35.2707
244,-35.3929
245,-35.5211
246,-35.6195
247,-35.7617
248,-35.8755
249,-36.0109
250,-36.1257
251,-36.2552
252,-36.4168
253,-36.5642
254,-36.6882
255,-36.8254
256,-36.9334
257,-37.0813
258,-37.2197
259,-37.3593
260,-37.5065
261,-37.6167
262,-37.7234
263,-37.8948
264,-38.03
265,-38.1519
266,-38.2824
267,-38.4071
268,-38.5167
269,-38.6342
270,-38.7474
271,-38.8826
272,-38.9914
273,-39.0983
274,-39.2225
275,-39.3185
276,-39.4482
277,-39.5719
278,-39.681
279,-39.8012
280,-39.9246
281,-40.0532
282,-40.1539
283,-40.2737
284,-40.4058
285,-40.5141
286,-40.6721
287,-40.7768
288,-40.8966
289,-41.0435
290,-41.1513
291,-41.2717
292,-41.8101
293,-41.9366
294,-42.0594
295,-42.1761
296,-42.3059
297,-42.4537
298,-42.5833
299,-42.7224
300,-42.8449
301,-42.975
302,-43.1188
303,-43.2282
304,-43.3267
305,-43.4898
306,-43.6166
307,-43.7737
308,-43.9223
309,-44.0476
310,-44.1601
311,-44.2913
312,-44.3938
313,-44.5657
314,-44.6902
315,-44.8211
316,-44.9453
317,-45.0651
318,-45.1857
319,-45.3028
320,-45.4152
321,-45.541
322,-45.614
323,-45.7192
324,-45.8743
325,-46.0194
326,-46.1519
327,-46.2846
328,-46.4173
329,-46.5819
330,-46.6947
331,-46.824
332,-47.1259
333,-47.2343
334,-47.3229
335,-47.4656
336,-47.5706
337,-47.6781
338,-47.7882
339,-47.959
340,-48.086
341,-48.2043
342,-48.3322
343,-48.4557
344,-48.5918
345,-48.7244
346,-48.8118
347,-48.9501
348,-49.1293
349,-49.2738
350,-49.4318
351,-49.5255
352,-49.6347
353,-49.7331
354,-49.8494
355,-50.0265
356,-50.1546
357,-50.3124
358,-50.4481
359,-50.5414
360,-50.7146
361,-50.8807
362,-51.0011
363,-51.1247
364,-51.222
365,-51.3002
366,-51.4567
367,-51.5796
368,-51.6755
369,-51.8553
370,-51.9497
371,-52.1175
372,-52.2167
373,-52.3587
374,-52.4815
375,-52.5981
376,-52.7144
377,-52.8874
378,-53.011
379,-53.1398
380,-53.3163
381,-53.4462
382,-53.5606
383,-53.7529
384,-53.8972
385,-54.0114
386,-54.1427
387,-54.2569
388,-54.4117
389,-54.5139
390,-54.6394
391,-54.7998
392,-54.9661
393,-55.1096
394,-55.1927
395,-55.3293
396,-55.4483
397,-55.6008
398,-55.7023
399,-55.815
400,-55.9557
401,-56.1378
402,-56.235
403,-56.3556
404,-56.5061
405,-56.6468
406,-56.7628
407,-56.8823
408,-56.9932
409,-57.1288
410,-57.2652
411,-57.3693
412,-57.5129
413,-57.6248
414,-57.7591
415,-57.8617
416,-57.9839
417,-58.109
418,-58.2103
419,-58.3384
420,-58.4731
421,-58.568
422,-58.7056
423,-58.8213
424,-58.9848
425,-59.1065
426,-59.2021
427,-59.31
428,-59.4555
429,-59.581
430,-59.6907
431,-59.7804
432,-59.9023
433,-59.9986
434,-60.1371
435,-60.1978
436,-60.2864
437,-60.3956
438,-60.5056
439,-60.7428
440,-60.9518
441,-61.0404
442,-61.1374
443,-61.2897
444,-61.4033
445,-61.6705
446,-61.7538
447,-61.8425
448,-62.0291
449,-62.1988
450,-62.3208
451,-62.4829
452,-62.5923
453,-62.7102
454,-62.8574
455,-62.9959
456,-63.1255
457,-63.3484
458,-63.4431
459,-63.5533
460,-63.6767
461,-63.7602
462,-63.892
463,-63.9985
464,-64.0811
465,-64.1933
466,-64.3327
467,-64.5209
468,-64.655
469,-64.7575
470,-64.8283
471,-65.0053
472,-65.124
473,-65.2537
474,-65.3826
475,-65.6379
476,-65.797
477,-65.9442
478,-66.0514
479,-66.1353
480,-66.2991
481,-66.4433
482,-66.5734
483,-66.6807
484,-66.7918
485,-66.8912
486,-67.0434
487,-67.17
488,-67.3255
489,-67.4152
490,-67.5506
491,-67.855
492,-68.0454
493,-68.1148
494,-68.196
495,-68.3089
496,-68.4508
497,-68.5524
498,-68.6995
499,-68.8611
500,-68.9902
501,-69.1539
502,-69.3531
503,-69.4469
504,-69.5437
505,-69.624
506,-69.7967
507,-69.9415
508,-70.1072
509,-70.2645
510,-70.4024
511,-70.5194
512,-70.6578
513,-70.7807
514,-70.9184
515,-71.0132
516,-71.1885
517,-71.2882
518,-71.3965
519,-71.547
520,-71.6466
521,-71.8412
522,-72.1672
523,-72.2637
524,-72.4846
525,-72.6187
526,-72.8027
527,-73.0769
528,-73.1647
529,-73.2652
530,-73.4029
531,-73.5403
532,-73.6856
533,-73.8481
534,-74.0073
535,-74.1297
536,-74.2546
537,-74.3516
538,-74.4631
539,-74.7117
540,-74.9728
541,-75.0957
542,-75.1934
543,-75.3418
544,-75.4867
545,-75.6261
546,-75.8045
547,-75.912
548,-76.1168
549,-76.2553
550,-76.3715
551,-76.5752
552,-76.7384
553,-76.878
554,-77.1684
555,-77.228
556,-77.4473
557,-77.5652
558,-77.6949
559,-77.908
560,-78.0061
561,-78.2249
562,-78.3445
563,-78.4574
564,-78.5274
565,-78.8211
566,-78.9423
567,-79.0234
568,-79.1694
569,-79.5298
570,-79.762
571,-79.8988
572,-80.0154
573,-80.2367
574,-80.3273
575,-80.4972
576,-80.611
577,-80.8286
578,-80.9144
579,-81.041
580,-81.088
581,-81.7341
582,-82.3292
583,-82.3946
584,-82.6668
585,-82.8079
586,-83.1647
587,-83.1912
588,-83.3556
589,-83.4384
590,-83.5839
591,-83.7667
592,-83.8583
593,-83.9381
594,-84.0853
595,-84.1965
596,-84.2901
597,-84.435
598,-84.5672
599,-84.982
600,-85.0949
601,-85.2833
602,-85.4851
603,-85.5372
604,-85.9292
605,-86.1331
606,-86.2097
607,-86.3075
608,-86.4019
609,-86.5286
610,-86.6437
611,-87.0096
612,-87.4122
613,-87.7262
614,-87.8601
615,-88.1042
616,-88.5646
617,-88.8423
618,-89.4011
619,-89.6213
620,-89.764
621,-90.0239
622,-90.1912
623,-90.1912
624,-90.4321
625,-91.7769
626,-91.9169
627,-92.2401
628,-92.39
629,-92.39
630,-92.6383
631,-92.8527
632,-93.0946
633,-93.0946
634,-93.0946
635,-93.2224
636,-93.5976
637,-93.932
638,-94.2069
639,-94.2849
640,-94.4742
641,-94.4742
642,-94.7669
643,-94.7669
644,-95.0196
645,-95.0196
646,-95.2046
647,-95.2046
648,-95.2046
649,-95.2046
650,-95.2046
651,-95.5803
652,-95.5803
653,-95.5803
654,-95.5803
655,-96.2504
656,-96.6298
657,-96.6298
658,-96.6298
659,-96.7387
660,-96.7387
661,-96.7387
662,-96.7387
663,-96.7387
664,-96.7387
665,-97.332
666,-97.332
667,-97.332
668,-97.332
669,-97.332
670,-97.8537
671,-99.1685
672,-99.1685
673,-99.1685
674,-99.1685
675,-99.1685
676,-99.6501
677,-99.6501
678,-99.6501
679,-99.6501
680,-99.6501
681,-100.934
682,-100.934
683,-100.934
684,-100.934
685,-100.934
686,-105.368
687,-105.368
688,-105.368
689,-105.368
690,-105.368
691,-105.368
692,-105.368
693,-105.368
694,-105.368
695,-105.368
696,-105.368
697,-105.368
698,-105.368
699,-105.368
700,-105.368
701,-105.368
702,-105.368
703,-105.368
704,-105.368
705,-105.368
706,-105.368
707,-105.368
708,-105.368
709,-105.368
