time_ms,band0,band1,band2,band3,band4,band5,band6,band7,total
0,0,0,0,0,0,0,0,0,0
1,0,0,0,0,0,0,0,0,0
2,0,0,0,0,0,0,0,0,0
3,0,0,0,0,0,0,0,0,0
4,0,0,0,0,0,0,0,0,0
5,0,0,0,0,0,0,0,0,0
6,0,0,0,0,0,0,0,0,0
7,0,0,0,0,0,0,0,0,0
8,0,0,0,0,0,0,0,0,0
9,0,0,0,0,0,0,0,0,0
10,260.97,260.894,260.697,260.38,259.922,258.666,254,237.238,2052.77
11,1106.87,1106.54,1105.68,1104.3,1102.31,1096.84,1076.54,1003.71,8702.79
12,0,0,0,0,0,0,0,0,0
13,731.337,731.072,730.386,729.284,727.692,723.331,707.181,649.832,5730.11
14,1131.69,1131.25,1130.11,1128.28,1125.64,1118.4,1091.64,997.001,8854.03
15,415.051,414.878,414.433,413.717,412.683,409.853,399.397,362.589,3242.6
16,1548.76,1548.08,1546.32,1543.5,1539.42,1528.25,1487.04,1342.54,12083.9
17,376.776,376.6,376.144,375.412,374.355,371.464,360.808,323.618,2935.18
18,1403.83,1403.14,1401.34,1398.45,1394.28,1382.89,1340.93,1195.16,10920
19,679.637,679.285,678.375,676.914,674.805,669.037,647.828,574.409,5280.29
20,1157.1,1156.46,1154.83,1152.21,1148.42,1138.07,1100.05,969.047,8976.17
21,639.521,639.154,638.205,636.682,634.484,628.479,606.451,530.887,4953.86
22,625.137,624.764,623.8,622.254,620.021,613.924,591.582,515.222,4836.71
23,558.301,557.951,557.045,555.593,553.497,547.774,526.833,455.617,4312.61
24,597.894,597.503,596.492,594.871,592.531,586.144,562.803,483.769,4612.01
25,444.967,444.665,443.883,442.628,440.819,435.881,417.856,357.076,3427.77
26,424.587,424.288,423.514,422.274,420.484,415.603,397.803,338.023,3266.58
27,452.809,452.478,451.621,450.248,448.266,442.863,423.184,357.382,3478.85
28,353.337,353.069,352.374,351.261,349.654,345.277,329.355,276.357,2710.68
29,322.307,322.054,321.399,320.35,318.837,314.714,299.733,250.07,2469.46
30,303.824,303.578,302.94,301.917,300.442,296.424,281.846,233.724,2324.69
31,398.896,398.561,397.695,396.308,394.307,388.86,369.117,304.229,3047.97
32,312.367,312.096,311.397,310.276,308.66,304.261,288.337,236.226,2383.62
33,354.759,354.443,353.624,352.311,350.419,345.271,326.656,265.999,2703.48
34,272.477,272.227,271.579,270.541,269.045,264.977,250.283,202.605,2073.73
35,243.171,242.941,242.347,241.395,240.023,236.293,222.835,179.347,1848.35
36,190.332,190.147,189.669,188.903,187.798,184.798,173.986,139.194,1444.83
37,161.355,161.194,160.777,160.11,159.15,156.539,147.144,117.037,1223.31
38,194.107,193.908,193.393,192.568,191.379,188.151,176.549,139.534,1469.59
39,192.533,192.331,191.807,190.969,189.762,186.483,174.713,137.312,1455.91
40,230.333,230.085,229.442,228.413,226.931,222.91,208.488,162.858,1739.46
41,219.72,219.477,218.849,217.843,216.394,212.464,198.387,154.038,1657.17
42,193.16,192.941,192.377,191.473,190.171,186.64,174.007,134.363,1455.13
43,232.242,231.973,231.278,230.164,228.562,224.218,208.695,160.185,1747.32
44,204.477,204.235,203.609,202.607,201.165,197.257,183.306,139.889,1536.54
45,168.739,168.535,168.006,167.161,165.944,162.646,150.89,114.459,1266.38
46,197.035,196.791,196.161,195.151,193.699,189.766,175.761,132.539,1476.9
47,137.659,137.485,137.035,136.316,135.281,132.478,122.508,91.8641,1030.63
48,165.894,165.679,165.125,164.239,162.964,159.512,147.25,109.725,1240.39
49,148.527,148.331,147.825,147.016,145.853,142.704,131.532,97.4749,1109.26
50,185.976,185.726,185.079,184.045,182.557,178.534,164.275,120.995,1387.19
51,178.435,178.191,177.559,176.548,175.094,171.162,157.245,115.171,1329.4
52,144.63,144.427,143.905,143.069,141.868,138.621,127.14,92.5747,1076.24
53,135.513,135.32,134.821,134.024,132.878,129.78,118.841,86.0376,1007.21
54,124.643,124.462,123.995,123.248,122.174,119.274,109.043,78.4888,925.329
55,109.666,109.504,109.086,108.417,107.455,104.858,95.7074,68.4917,813.185
56,107.064,106.903,106.487,105.821,104.865,102.284,93.2006,66.2983,792.924
57,111.792,111.621,111.179,110.472,109.456,106.716,97.0828,68.6675,826.986
58,104.296,104.134,103.714,103.043,102.08,99.4808,90.3556,63.5456,770.649
59,90.6925,90.5489,90.1779,89.5848,88.733,86.4361,78.3812,54.8105,669.365
60,88.6506,88.5079,88.1392,87.5498,86.7034,84.422,76.4305,53.1399,653.543
61,77.7229,77.5958,77.2673,76.7422,75.9884,73.9569,66.8495,46.2172,572.34
62,82.1274,81.9907,81.6377,81.0735,80.2636,78.0819,70.4579,48.4196,604.052
63,76.8839,76.754,76.4183,75.8819,75.1119,73.0385,65.8016,44.9648,564.855
64,80.3821,80.2441,79.8879,79.3186,78.5016,76.3023,68.6344,46.6425,589.913
65,67.837,67.7188,67.4134,66.9255,66.2252,64.341,57.7795,39.0374,497.278
66,60.4262,60.3193,60.0433,59.6022,58.9693,57.2669,51.3453,34.4972,442.47
67,58.9505,58.8447,58.5713,58.1344,57.5078,55.8226,49.9681,33.3784,431.178
68,52.7259,52.6297,52.3814,51.9848,51.4159,49.8865,44.5797,29.6039,385.208
69,51.2933,51.1984,50.9535,50.5623,50.0012,48.4933,43.2669,28.5748,374.344
70,66.3247,66.2002,65.8789,65.3656,64.6297,62.6526,55.8082,36.6452,483.505
71,60.8507,60.7349,60.436,59.9585,59.274,57.4358,51.0795,33.3528,443.122
72,48.1898,48.0968,47.8567,47.4733,46.9237,45.4482,40.3522,26.1973,350.538
73,57.0385,56.927,56.6391,56.1793,55.5203,53.7517,47.6503,30.7674,414.474
74,54.2481,54.1405,53.863,53.4197,52.7846,51.0806,45.2089,29.0259,393.771
75,47.1404,47.0457,46.8013,46.411,45.8519,44.3523,39.1907,25.021,341.814
76,47.884,47.7865,47.5349,47.1332,46.5576,45.0148,39.7106,25.2076,346.829
77,48.0014,47.9024,47.6469,47.2392,46.655,45.0895,39.7138,25.0716,347.32
78,45.9983,45.9022,45.6542,45.2584,44.6914,43.1724,37.9626,23.8289,332.469
79,42.9725,42.8816,42.6471,42.2727,41.7365,40.3005,35.3811,22.0866,310.279
80,40.9649,40.8772,40.6508,40.2896,39.7723,38.3874,33.6482,20.8899,295.48
81,40.5038,40.4159,40.1893,39.8276,39.3098,37.924,33.1875,20.4869,291.845
82,38.7007,38.6158,38.3967,38.047,37.5465,36.2073,31.6353,19.4224,278.572
83,38.3884,38.3031,38.0831,37.7319,37.2293,35.8852,31.3017,19.1072,276.03
84,33.1479,33.0733,32.8811,32.5743,32.1353,30.9615,26.9637,16.3684,238.106
85,31.0805,31.0097,30.8273,30.5364,30.12,29.0073,25.2215,15.2268,223.03
86,29.4317,29.364,29.1892,28.9105,28.5117,27.4463,23.8257,14.3042,210.983
87,26.4944,26.4327,26.2737,26.02,25.6571,24.6878,21.3977,12.7777,189.741
88,28.9145,28.8464,28.6708,28.3909,27.9904,26.9212,23.296,13.8345,206.865
89,25.0989,25.0391,24.8849,24.6391,24.2875,23.349,20.1711,11.9101,179.38
90,26.8098,26.7453,26.5788,26.3134,25.9338,24.9211,21.4955,12.624,191.422
91,25.8381,25.7752,25.613,25.3544,24.9846,23.9984,20.6663,12.0699,184.3
92,22.6608,22.605,22.4611,22.2318,21.9039,21.0297,18.0798,10.4995,161.472
93,18.8313,18.7845,18.6637,18.4712,18.196,17.4625,14.9901,8.65986,134.059
94,19.4706,19.4216,19.2954,19.0942,18.8067,18.0405,15.461,8.88222,138.472
95,17.5692,17.5246,17.4095,17.2261,16.9641,16.2662,13.9189,7.95434,124.833
96,18.4203,18.3731,18.2511,18.0568,17.7792,17.0401,14.5572,8.27241,130.75
97,15.8209,15.7799,15.6741,15.5055,15.2647,14.6236,12.4728,7.04917,112.191
98,17.0254,16.9808,16.8658,16.6826,16.421,15.7247,13.3912,7.52858,120.62
99,13.9413,13.9044,13.8093,13.6577,13.4412,12.8655,10.9381,6.1148,98.6723
100,15.3363,15.2953,15.1896,15.0211,14.7806,14.1411,12.0028,6.67245,108.439
101,16.317,16.273,16.1595,15.9786,15.7204,15.034,12.7416,7.04713,115.271
102,15.4061,15.3641,15.2558,15.0833,14.8372,14.183,12.0008,6.60078,108.731
103,16.6073,16.5616,16.4438,16.2562,15.9883,15.2769,12.9062,7.06135,117.102
104,12.0489,12.0154,11.9291,11.7916,11.5954,11.0745,9.34061,5.08221,84.8778
105,13.2947,13.2574,13.1613,13.0082,12.7898,12.2099,10.2821,5.56482,93.5683
106,13.2059,13.1685,13.0721,12.9186,12.6997,12.1187,10.1892,5.48533,92.8581
107,13.2045,13.1668,13.0695,12.9146,12.6937,12.1076,10.1637,5.44217,92.7626
108,9.92574,9.8971,9.8233,9.70581,9.53826,9.09391,7.62168,4.05914,69.6649
109,12.5924,12.5557,12.4612,12.3108,12.0962,11.5275,9.64551,5.1087,88.298
110,10.0814,10.0518,9.97548,9.854,9.68082,9.22183,7.70457,4.05993,70.6298
111,11.2509,11.2176,11.1316,10.9947,10.7997,10.2829,8.57664,4.49399,78.748
112,10.0664,10.0363,9.95868,9.83524,9.65928,9.19328,7.65633,3.99161,70.397
113,8.86254,8.83578,8.76684,8.65715,8.50081,8.08692,6.72352,3.48537,61.9189
114,8.26199,8.23683,8.17202,8.06888,7.92193,7.53299,6.25324,3.22471,57.6726
115,8.37074,8.34502,8.27877,8.17337,8.02321,7.62592,6.32019,3.24169,58.3789
116,7.98772,7.96298,7.89926,7.79789,7.65349,7.27157,6.01766,3.07136,55.6619
117,7.94145,7.91663,7.85272,7.75104,7.60622,7.22334,5.96778,3.02894,55.2881
118,8.09569,8.07018,8.00449,7.89999,7.75117,7.35784,6.06946,3.0646,56.3134
119,6.50282,6.48216,6.42893,6.34428,6.22374,5.90526,4.8633,2.44226,45.1927
120,6.41993,6.39937,6.3464,6.26216,6.14222,5.82546,4.79022,2.39328,44.579
121,6.24623,6.22605,6.17408,6.09144,5.9738,5.66319,4.64927,2.31037,43.3344
122,5.41895,5.40129,5.35583,5.28355,5.18066,4.90911,4.02371,1.98882,37.5619
123,5.93925,5.91976,5.86955,5.78974,5.67614,5.37643,4.40023,2.16425,41.1354
124,5.45158,5.43354,5.38709,5.31325,5.20817,4.93102,4.02934,1.97149,37.7255
125,4.87681,4.86054,4.81865,4.75206,4.65733,4.40753,3.59577,1.74996,33.7187
126,5.38421,5.3661,5.31948,5.24538,5.13996,4.8621,3.96023,1.91703,37.1945
127,4.93634,4.91961,4.87652,4.80805,4.71066,4.45405,3.62207,1.74408,34.0714
128,3.99089,3.97725,3.94214,3.88635,3.80701,3.59803,2.92126,1.39918,27.5221
129,4.42858,4.41333,4.37408,4.31171,4.22302,3.98949,3.23408,1.5411,30.5154
130,5.09672,5.07904,5.03351,4.96118,4.85834,4.58764,3.713,1.75995,35.0894
131,5.34953,5.33083,5.28272,5.20628,5.09762,4.81169,3.88877,1.8346,36.802
132,4.49759,4.48174,4.44096,4.37618,4.2841,4.04189,3.26106,1.52983,30.9134
133,5.24683,5.2282,5.18026,5.10411,4.99589,4.71133,3.79502,1.77084,36.0325
134,3.62463,3.61167,3.5783,3.52529,3.44998,3.25201,2.61529,1.21387,24.871
135,3.54706,3.53428,3.50139,3.44915,3.37493,3.17992,2.55337,1.17915,24.3192
136,3.2481,3.23632,3.20599,3.15783,3.08943,2.90972,2.33299,1.07219,22.2526
137,3.25954,3.24762,3.21697,3.16829,3.09915,2.9176,2.33558,1.06779,22.3125
138,3.71361,3.69993,3.66473,3.60885,3.52949,3.32117,2.65417,1.20674,25.3987
139,3.36209,3.34962,3.31753,3.26659,3.19425,3.00442,2.3973,1.08443,22.9762
140,3.86563,3.85119,3.81405,3.7551,3.6714,3.45182,2.75028,1.23818,26.3976
141,2.37447,2.36554,2.34256,2.30608,2.2543,2.11851,1.68519,0.754619,16.2013
142,2.82227,2.81158,2.78408,2.74044,2.67849,2.51608,1.99838,0.890406,19.2417
143,2.59154,2.58166,2.55623,2.51587,2.4586,2.30851,1.83062,0.811447,17.6545
144,2.80723,2.79645,2.76871,2.7247,2.66225,2.49864,1.97829,0.872438,19.1087
145,2.07443,2.0664,2.04577,2.01302,1.96657,1.8449,1.4584,0.639872,14.1094
146,2.57966,2.56962,2.54378,2.50279,2.44465,2.29243,1.80939,0.789914,17.5322
147,2.24626,2.23745,2.21481,2.17889,2.12794,1.9946,1.57192,0.682849,15.2547
148,2.07093,2.06275,2.04173,2.00837,1.96107,1.83732,1.44552,0.624502,14.0522
149,1.77501,1.76796,1.74982,1.72106,1.68028,1.57361,1.23625,0.531571,12.0356
150,1.62302,1.61653,1.59983,1.57335,1.53581,1.43765,1.12757,0.482252,10.996
151,1.82686,1.8195,1.80059,1.77059,1.72808,1.61695,1.26627,0.538912,12.3678
152,1.58645,1.58002,1.56349,1.53727,1.50011,1.40303,1.09703,0.464526,10.7319
153,1.70666,1.69969,1.68178,1.65338,1.61313,1.50802,1.1771,0.495679,11.5354
154,1.48761,1.4815,1.4658,1.4409,1.40563,1.31352,1.02386,0.429212,10.048
155,1.70654,1.69949,1.68136,1.65261,1.61188,1.50558,1.17166,0.488593,11.5177
156,1.12687,1.12218,1.11013,1.09102,1.06395,0.993325,0.771731,0.320099,7.59932
157,1.34022,1.33461,1.3202,1.29734,1.26497,1.18053,0.91588,0.378161,9.03191
158,1.18897,1.18396,1.17108,1.15067,1.12177,1.04642,0.810503,0.332893,8.00626
159,1.17962,1.17462,1.16177,1.1414,1.11256,1.03739,0.802291,0.327915,7.93758
160,1.2027,1.19757,1.18439,1.16349,1.13391,1.05684,0.81607,0.331891,8.08686
161,1.05194,1.04742,1.03582,1.01744,0.991411,0.92362,0.712088,0.288153,7.06789
162,0.940745,0.936681,0.926237,0.90969,0.886271,0.82529,0.635232,0.255699,6.31584
163,1.02013,1.0157,1.00431,0.986269,0.960735,0.894269,0.687329,0.275386,6.84414
164,0.94536,0.941227,0.930608,0.913786,0.889984,0.828048,0.635431,0.253311,6.33775
165,1.14481,1.13977,1.12683,1.10633,1.07732,1.00188,0.767534,0.304329,7.66881
166,0.885229,0.881311,0.871246,0.855304,0.832755,0.774117,0.59217,0.233689,5.92582
167,1.06355,1.05882,1.04666,1.0274,1.00016,0.929349,0.709863,0.27881,7.11462
168,1.07014,1.06535,1.05305,1.03356,1.006,0.934379,0.71263,0.278551,7.15366
169,1.05717,1.05241,1.04018,1.02081,0.993423,0.92228,0.702263,0.273083,7.06161
170,0.638916,0.636021,0.628585,0.61681,0.600165,0.556939,0.423407,0.16382,4.26466
171,1.06901,1.06414,1.05164,1.03184,1.00386,0.931209,0.706998,0.272383,7.13109
172,0.639205,0.636277,0.628756,0.616848,0.60002,0.556346,0.421713,0.161643,4.26081
173,0.797921,0.794241,0.784791,0.769832,0.748694,0.693856,0.525022,0.200119,5.31448
174,0.775616,0.77202,0.762786,0.74817,0.72752,0.673964,0.509246,0.19323,5.16255
175,0.628273,0.625343,0.617817,0.605906,0.58908,0.545459,0.411457,0.155296,4.17863
176,0.806108,0.802328,0.79262,0.777258,0.755559,0.699322,0.526748,0.197888,5.35783
177,0.786527,0.782818,0.773295,0.758226,0.736943,0.681804,0.512781,0.191724,5.22412
178,0.572854,0.570137,0.563159,0.552119,0.536529,0.496154,0.372533,0.138554,3.80204
179,0.688674,0.68539,0.676957,0.663615,0.644778,0.596007,0.446843,0.165413,4.56768
180,0.663273,0.660092,0.651925,0.639004,0.620766,0.573559,0.429341,0.15815,4.39611
181,0.506332,0.50389,0.49762,0.487702,0.473703,0.437483,0.326956,0.119828,3.35351
182,0.471595,0.469308,0.463435,0.454147,0.441039,0.407136,0.303797,0.110787,3.12124
183,0.500249,0.49781,0.491547,0.481643,0.467667,0.431532,0.321508,0.116681,3.30864
184,0.665722,0.66246,0.654084,0.640839,0.622152,0.57385,0.426932,0.154248,4.40029
185,0.452139,0.44991,0.444189,0.435143,0.422381,0.389408,0.289233,0.103956,2.98636
186,0.36745,0.36563,0.360958,0.353572,0.343153,0.316242,0.234564,0.0839404,2.42551
187,0.37507,0.373203,0.368409,0.360829,0.350141,0.32254,0.238864,0.0850636,2.47412
188,0.318079,0.316486,0.312397,0.305933,0.296819,0.273292,0.202053,0.0715762,2.09664
189,0.380113,0.378199,0.373287,0.365522,0.354575,0.326327,0.240887,0.0849158,2.50383
190,0.628275,0.625094,0.61693,0.604027,0.585839,0.538922,0.397179,0.139305,4.13557
191,0.61228,0.609167,0.601178,0.588552,0.570756,0.524865,0.38634,0.134979,4.02812
192,0.276745,0.27533,0.271698,0.265958,0.257869,0.237018,0.174158,0.0605143,1.81929
193,0.344341,0.342572,0.338032,0.330859,0.320752,0.294704,0.216254,0.0748259,2.26234
194,0.383013,0.381034,0.375956,0.367933,0.35663,0.327512,0.239921,0.0825753,2.51457
195,0.277115,0.275676,0.271983,0.266149,0.25793,0.236766,0.173171,0.0593096,1.8181
196,0.397846,0.395769,0.390441,0.382023,0.370167,0.339647,0.248039,0.0845467,2.60848
197,0.247661,0.246361,0.243028,0.237763,0.230349,0.211269,0.154059,0.052271,1.62276
198,0.283523,0.282028,0.278194,0.272139,0.263612,0.241675,0.175971,0.059431,1.85657
199,0.351776,0.349911,0.345129,0.337576,0.326942,0.299595,0.217784,0.0731754,2.30189
200,0.277295,0.275818,0.27203,0.266048,0.257627,0.235977,0.171279,0.0572801,1.81335
201,0.288592,0.287048,0.283086,0.276831,0.268027,0.245401,0.177856,0.0592068,1.88605
202,0.2649,0.263475,0.25982,0.254051,0.245931,0.22507,0.162865,0.0539522,1.73006
203,0.313283,0.31159,0.30725,0.300396,0.290753,0.265987,0.192208,0.0634012,2.04487
204,0.282528,0.280995,0.277062,0.270854,0.26212,0.239694,0.172957,0.0567953,1.84301
205,0.239762,0.238454,0.235098,0.229801,0.222351,0.203228,0.146391,0.0478145,1.5629
206,0.178123,0.177147,0.174643,0.17069,0.165131,0.150867,0.108517,0.0352855,1.1604
207,0.167175,0.166253,0.163891,0.160163,0.154919,0.141472,0.101591,0.0328653,1.08833
208,0.0991159,0.0985672,0.0971603,0.0949402,0.0918185,0.0838146,0.0601017,0.0193578,0.644876
209,0.155227,0.154363,0.152148,0.148653,0.143739,0.131145,0.0938788,0.0300758,1.00923
210,0.118739,0.118075,0.116374,0.113689,0.109915,0.100246,0.0716626,0.0228622,0.771563
211,0.183003,0.181975,0.17934,0.175182,0.169338,0.154371,0.110178,0.0349756,1.18836
212,0.170192,0.169231,0.166769,0.162885,0.157426,0.143449,0.102225,0.0322976,1.10447
213,0.131436,0.130691,0.128782,0.12577,0.121538,0.110705,0.0787845,0.0247886,0.852494
214,0.120993,0.120304,0.118536,0.115749,0.111833,0.101813,0.0723258,0.0226303,0.784185
215,0.139184,0.138387,0.136346,0.133127,0.128604,0.117037,0.0830275,0.0258706,0.901583
216,0.133805,0.133036,0.131064,0.127955,0.123588,0.112422,0.0796294,0.0246932,0.866193
217,0.11425,0.113591,0.1119,0.109233,0.105489,0.0959172,0.067838,0.0209407,0.739159
218,0.0922205,0.0916854,0.0903141,0.0881519,0.0851161,0.0773585,0.0546263,0.0167813,0.596254
219,0.121707,0.120998,0.11918,0.116314,0.11229,0.102012,0.0719255,0.0219928,0.786418
220,0.108597,0.107961,0.106332,0.103764,0.100159,0.0909534,0.0640355,0.0194932,0.701295
221,0.100863,0.10027,0.0987511,0.0963563,0.0929952,0.0844146,0.0593493,0.0179899,0.65099
222,0.115433,0.114751,0.113004,0.11025,0.106384,0.0965211,0.067744,0.0204264,0.744514
223,0.107209,0.106572,0.104942,0.102374,0.0987693,0.0895743,0.0627754,0.0188428,0.691059
224,0.103368,0.102752,0.101173,0.0986854,0.0951953,0.0862948,0.0603829,0.0180386,0.66589
225,0.11673,0.116032,0.114241,0.111421,0.107464,0.097377,0.0680405,0.0202382,0.751544
226,0.0939532,0.0933882,0.0919409,0.0896604,0.0864622,0.0783113,0.0546325,0.0161721,0.604521
227,0.0841004,0.0835924,0.0822912,0.0802411,0.0773664,0.0700426,0.0487895,0.0143754,0.540799
228,0.0552145,0.0548796,0.0540219,0.0526707,0.0507762,0.045951,0.031963,0.00937733,0.354854
229,0.0828917,0.0823866,0.081093,0.0790553,0.0761987,0.0689258,0.0478662,0.0139738,0.532391
230,0.079702,0.0792146,0.0779664,0.0760003,0.0732443,0.0662298,0.0459363,0.0133594,0.511653
231,0.0417246,0.0414681,0.0408112,0.0397767,0.0383268,0.0346379,0.0239799,0.00693461,0.26766
232,0.0497651,0.049458,0.0486717,0.0474334,0.0456982,0.0412847,0.0285448,0.00822258,0.319079
233,0.0922973,0.0917251,0.0902599,0.0879527,0.0847201,0.0765011,0.052805,0.0151335,0.591395
234,0.0531597,0.0528289,0.0519818,0.0506481,0.0487797,0.0440305,0.0303513,0.00866301,0.340443
235,0.186476,0.185309,0.18232,0.177616,0.171026,0.154284,0.106133,0.0301047,1.19327
236,0.0368801,0.0366486,0.0360559,0.0351229,0.0338163,0.0304973,0.0209582,0.00592676,0.235906
237,0.0455006,0.0452138,0.0444793,0.0433232,0.0417043,0.0375936,0.0257929,0.00725811,0.290866
238,0.0577367,0.0573711,0.0564351,0.0549618,0.0528991,0.0476635,0.0326503,0.00914397,0.368862
239,0.0453289,0.0450408,0.0443033,0.0431426,0.0415177,0.0373945,0.0255822,0.0071361,0.289446
240,0.0556592,0.0553039,0.0543945,0.0529633,0.0509601,0.0458785,0.0313371,0.00870012,0.355197
241,0.0527168,0.0523788,0.0515135,0.050152,0.0482466,0.043415,0.0296053,0.00817824,0.336206
242,0.0606236,0.0602337,0.0592355,0.057665,0.0554674,0.0498962,0.0339856,0.0093556,0.386463
243,0.0268163,0.026643,0.0261994,0.0255015,0.0245251,0.0220507,0.0149931,0.00410567,0.170835
244,0.0437534,0.0434696,0.0427431,0.0416003,0.0400015,0.0359515,0.0244108,0.00665659,0.278587
245,0.0614463,0.0610459,0.0600212,0.0584092,0.0561546,0.0504451,0.034195,0.00927819,0.390996
246,0.0269439,0.0267676,0.0263165,0.025607,0.0246147,0.0221026,0.0149606,0.00404133,0.171354
247,0.0345681,0.034341,0.0337599,0.0328459,0.031568,0.0283338,0.0191487,0.00514876,0.219714
248,0.0304656,0.0302647,0.0297505,0.028942,0.0278116,0.0249517,0.0168383,0.0045076,0.193532
249,0.0337841,0.0335603,0.0329876,0.0320871,0.0308284,0.0276451,0.0186247,0.00496088,0.214478
250,0.0273014,0.0271199,0.0266556,0.0259254,0.024905,0.022325,0.0150209,0.0039853,0.173238
251,0.0307457,0.0305404,0.0300153,0.0291896,0.0280358,0.0251198,0.0168739,0.00445518,0.194976
252,0.0520638,0.051715,0.0508226,0.0494198,0.0474597,0.0425072,0.0285161,0.00749937,0.330004
253,0.0292994,0.0291022,0.0285978,0.0278049,0.0266972,0.0238996,0.0160055,0.00418762,0.185594
254,0.0269139,0.026732,0.0262669,0.0255358,0.0245145,0.0219361,0.0146684,0.00382047,0.170388
255,0.0269218,0.0267392,0.0262721,0.025538,0.0245128,0.0219251,0.0146392,0.0037959,0.170344
256,0.13446,0.133546,0.131209,0.127536,0.122405,0.109459,0.0730282,0.018892,0.850536
257,0.0293591,0.0291584,0.028645,0.0278385,0.0267122,0.0238716,0.0158907,0.00408333,0.185559
258,0.0237052,0.0235427,0.0231269,0.0224735,0.0215614,0.0192615,0.0128057,0.00327814,0.149755
259,0.0210603,0.0209153,0.0205444,0.0199617,0.0191483,0.0170981,0.0113494,0.00289174,0.132969
260,0.028504,0.0283069,0.0278027,0.0270106,0.0259052,0.0231199,0.0153198,0.00388307,0.179852
261,0.0146314,0.0145298,0.0142701,0.0138622,0.013293,0.0118591,0.00784751,0.00198109,0.0922742
262,0.102384,0.101671,0.0998481,0.0969854,0.0929908,0.0829317,0.0548129,0.0137883,0.645412
263,0.0123861,0.0122995,0.012078,0.0117302,0.011245,0.0100236,0.00661348,0.00165506,0.078031
264,0.0313358,0.031116,0.0305539,0.0296714,0.0284402,0.025342,0.0166997,0.00416378,0.197323
265,0.0154618,0.0153529,0.0150745,0.0146372,0.0140274,0.0124933,0.00821905,0.00203916,0.0973054
266,0.0183761,0.0182462,0.0179142,0.0173928,0.0166657,0.0148372,0.00974781,0.00240869,0.115589
267,0.0185934,0.0184614,0.0181239,0.0175942,0.0168555,0.0149986,0.00983648,0.00241793,0.116881
268,0.00862635,0.00856489,0.00840776,0.00816112,0.00781725,0.00695312,0.00455338,0.00111443,0.0541983
269,0.0143982,0.0142953,0.0140321,0.0136191,0.0130433,0.0115969,0.00758401,0.00184862,0.0904176
270,0.0240134,0.0238412,0.0234009,0.0227099,0.0217467,0.0193278,0.0126232,0.00306496,0.150728
271,0.0138236,0.013724,0.0134695,0.0130701,0.0125135,0.0111161,0.00724761,0.00175084,0.0867154
272,0.0133004,0.0132043,0.0129586,0.0125731,0.012036,0.0106879,0.00695936,0.00167474,0.0833943
273,0.015897,0.0157816,0.0154866,0.0150237,0.0143789,0.0127613,0.00829339,0.00198439,0.0996069
274,0.00866863,0.00860552,0.00844423,0.00819118,0.00783867,0.00695455,0.00451457,0.00107663,0.054294
275,0.00942661,0.00935772,0.00918167,0.00890547,0.0085208,0.00755634,0.00489759,0.0011626,0.0590088
276,0.00938302,0.00931421,0.00913837,0.00886254,0.00847841,0.00751564,0.00486422,0.0011498,0.0587062
277,0.0113161,0.0112328,0.01102,0.0106862,0.0102214,0.00905683,0.00585303,0.00137751,0.0707639
278,0.00571501,0.00567277,0.00556485,0.00539559,0.00515995,0.00456976,0.00294813,0.000690307,0.0357164
279,0.00670594,0.00665622,0.00652918,0.00632994,0.00605261,0.00535821,0.00345208,0.000805072,0.0418893
280,0.00649738,0.00644904,0.00632553,0.00613186,0.00586232,0.00518762,0.00333745,0.0007751,0.0405663
281,0.0197428,0.0195954,0.0192188,0.0186284,0.0178067,0.0157506,0.0101183,0.00233977,0.123201
282,0.00714831,0.00709474,0.0069579,0.00674334,0.00644482,0.0056981,0.00365481,0.000841287,0.0445833
283,0.0125935,0.0124989,0.0122571,0.0118781,0.0113508,0.0100322,0.00642703,0.00147422,0.0785119
284,0.0157203,0.0156018,0.0152991,0.0148244,0.0141642,0.0125138,0.00800582,0.00182894,0.0979584
285,0.00987686,0.00980209,0.0096111,0.00931174,0.00889538,0.00785492,0.00501657,0.00114023,0.0615089
286,0.0100348,0.00995853,0.00976371,0.00945838,0.00903379,0.00797316,0.00508333,0.00114958,0.0624553
287,0.00859234,0.00852679,0.00835938,0.00809701,0.00773222,0.00682131,0.00434214,0.000977452,0.0534486
288,0.0108017,0.010719,0.0105078,0.0101769,0.00971688,0.00856853,0.00544639,0.0012208,0.067158
289,0.00556563,0.00552289,0.00541375,0.00524274,0.00500503,0.00441182,0.00280053,0.00062528,0.0345877
290,0.00484034,0.00480305,0.00470784,0.00455866,0.00435134,0.00383409,0.0024305,0.000540513,0.0300663
291,0.00667077,0.00661922,0.0064876,0.0062814,0.00599486,0.0052802,0.00334273,0.000740471,0.0414173
292,0.00409831,0.00406651,0.00398531,0.00385812,0.00368139,0.00324081,0.00204792,0.000451235,0.0254296
293,0.00593189,0.00588573,0.00576787,0.00558325,0.00532678,0.00468757,0.00295844,0.000649469,0.036791
294,0.00311636,0.00309202,0.00302986,0.00293252,0.00279731,0.00246045,0.00155027,0.000338685,0.0193175
295,0.00491453,0.004876,0.00477765,0.00462363,0.00440972,0.00387698,0.0024391,0.00053051,0.0304481
296,0.0045398,0.00450408,0.00441292,0.00427016,0.00407193,0.0035784,0.00224779,0.000486711,0.0281118
297,0.00298102,0.00295749,0.00289744,0.00280342,0.00267287,0.00234796,0.00147283,0.000317616,0.0184506
298,0.00431582,0.00428165,0.00419444,0.0040579,0.00386834,0.00339671,0.00212769,0.000456956,0.0266995
299,0.00278388,0.00276177,0.00270534,0.00261698,0.00249435,0.00218932,0.0013694,0.000292867,0.0172139
300,0.00304046,0.00301624,0.00295442,0.00285766,0.00272336,0.00238942,0.00149262,0.000318009,0.0187922
301,0.00383806,0.00380737,0.00372901,0.00360638,0.00343621,0.00301323,0.00187884,0.000398153,0.0237073
302,0.0119685,0.0118724,0.0116272,0.0112435,0.0107111,0.00938841,0.0058448,0.00123297,0.0738889
303,0.00834912,0.00828192,0.00811042,0.00784203,0.00746971,0.00654488,0.00406947,0.000855349,0.0515229
304,0.00300317,0.00297893,0.00291707,0.00282027,0.002686,0.00235258,0.00146093,0.00030594,0.0185249
305,0.00536615,0.00532269,0.00521177,0.00503822,0.00479752,0.00420004,0.00260404,0.000542807,0.0330832
306,0.00262908,0.0026077,0.00255316,0.00246784,0.00234952,0.00205592,0.00127258,0.000264,0.0161998
307,0.00210371,0.00208655,0.00204276,0.00197426,0.00187929,0.0016437,0.00101584,0.00020979,0.0129559
308,0.00303713,0.00301228,0.00294888,0.00284971,0.00271223,0.00237131,0.00146357,0.000301093,0.0186962
309,0.00746265,0.00740148,0.00724539,0.00700124,0.00666281,0.00582376,0.00359113,0.000736818,0.0459253
310,0.00393355,0.00390116,0.00381853,0.00368929,0.00351019,0.00306634,0.001887,0.000384911,0.024191
311,0.00321555,0.00318898,0.00312122,0.00301525,0.00286841,0.00250464,0.00153906,0.000312605,0.0197657
312,0.00135568,0.00134445,0.00131581,0.00127101,0.00120895,0.00105524,0.000647611,0.000131059,0.00832981
313,0.00256929,0.00254793,0.00249345,0.00240827,0.00229026,0.00199811,0.00122426,0.000246585,0.0157782
314,0.00178383,0.00176896,0.00173104,0.00167175,0.00158962,0.00138635,0.000848395,0.000170281,0.0109502
315,0.00141784,0.00140598,0.00137573,0.00132844,0.00126295,0.00110092,0.0006726,0.000134349,0.0086988
316,0.00149362,0.00148108,0.00144912,0.00139915,0.00132996,0.00115884,0.000706951,0.000140615,0.00915933
317,0.00238643,0.00236635,0.00231514,0.0022351,0.00212427,0.00185026,0.00112731,0.0002234,0.0146283
318,0.00179275,0.00177761,0.00173901,0.00167869,0.00159518,0.00138876,0.000844792,0.000166647,0.0109834
319,0.00229752,0.00227805,0.00222842,0.00215086,0.0020435,0.00177825,0.00108,0.000212073,0.0140687
320,0.0021571,0.00213878,0.00209205,0.00201903,0.00191798,0.00166838,0.00101194,0.000197956,0.0132032
321,0.00273108,0.00270779,0.00264841,0.00255562,0.00242724,0.00211025,0.00127765,0.00024864,0.0167067
322,0.00261024,0.00258794,0.00253107,0.00244222,0.0023193,0.00201585,0.00121936,0.000236655,0.0159626
323,0.00121847,0.00120802,0.00118137,0.00113974,0.00108216,0.000940067,0.000567585,0.000109575,0.00744699
324,0.0010956,0.00108618,0.00106216,0.00102463,0.000972723,0.000844683,0.000509341,9.79686e-05,0.00669328
325,0.00294076,0.00291539,0.0028507,0.00274967,0.00260994,0.00226539,0.00136395,0.000261207,0.017957
326,0.00117259,0.00116244,0.00113657,0.00109617,0.0010403,0.000902573,0.000542629,0.00010348,0.00715675
327,0.000766994,0.000760337,0.000743368,0.000716868,0.000680231,0.000589943,0.000354198,6.72854e-05,0.00467922
328,0.000513892,0.000509418,0.000498014,0.000480206,0.00045559,0.000394947,0.000236771,4.47868e-05,0.00313363
329,0.00116324,0.00115308,0.0011272,0.00108678,0.00103092,0.00089334,0.000534836,0.000100776,0.00709018
330,0.000914643,0.000906632,0.000886215,0.000854339,0.000810287,0.000701835,0.000419537,7.87029e-05,0.00557219
331,0.00182435,0.00180833,0.00176752,0.0017038,0.00161576,0.00139905,0.000835409,0.000156231,0.0111105
332,0.00172175,0.00170658,0.00166792,0.00160757,0.00152418,0.00131904,0.000786177,0.000146247,0.0104795
333,0.00189985,0.00188305,0.00184024,0.00177342,0.00168112,0.00145413,0.000865203,0.000160157,0.0115572
334,0.000602927,0.000597583,0.000583967,0.000562715,0.000533363,0.000461194,0.000274106,5.05788e-05,0.00366643
335,0.00195753,0.00194013,0.00189578,0.00182657,0.00173099,0.00149608,0.000887785,0.000163081,0.0118979
336,0.000557734,0.00055276,0.000540087,0.000520312,0.000493006,0.000425916,0.000252368,4.6163e-05,0.00338835
337,0.000884044,0.00087614,0.000856003,0.000824584,0.000781205,0.000674653,0.000399265,7.27788e-05,0.00536867
338,0.000654296,0.000648427,0.000633474,0.000610144,0.00057794,0.000498868,0.000294742,5.34704e-05,0.00397136
339,0.00054537,0.000540462,0.000527959,0.000508455,0.000481536,0.000415462,0.000245081,4.42632e-05,0.00330859
340,0.000739895,0.000733217,0.000716207,0.000689672,0.000653054,0.000563205,0.000331753,5.96692e-05,0.00448667
341,0.00147676,0.00146338,0.00142931,0.00137617,0.00130284,0.00112299,0.000660297,0.000118149,0.0089499
342,0.00051186,0.000507213,0.000495375,0.000476913,0.000451442,0.000388989,0.000228448,4.07392e-05,0.00310098
343,0.000318116,0.00031522,0.000307845,0.000296343,0.000280478,0.000241587,0.000141703,2.51799e-05,0.00192647
344,0.00240789,0.00238593,0.00233,0.00224278,0.00212249,0.00182766,0.00107099,0.000189787,0.0145775
345,0.000434867,0.000430888,0.000420753,0.00040495,0.000383157,0.000329767,0.000192908,3.40176e-05,0.00263131
346,0.000261296,0.000258896,0.000252786,0.00024326,0.000230124,0.000197958,0.000115603,2.02857e-05,0.00158021
347,0.000599911,0.000594389,0.000580325,0.000558401,0.000528175,0.000454178,0.000264892,4.63148e-05,0.00362659
348,0.000310081,0.000307218,0.000299927,0.000288562,0.000272896,0.000234556,0.00013659,2.37774e-05,0.00187361
349,0.000489176,0.000484644,0.000473105,0.000455121,0.000430333,0.000369695,0.000214931,3.72395e-05,0.00295425
350,0.000396328,0.000392647,0.000383277,0.000368673,0.000348548,0.000299328,0.000173813,3.00126e-05,0.00239263
351,0.000251979,0.000249632,0.000243656,0.000234344,0.000221514,0.000190145,0.000110241,1.89514e-05,0.00152046
352,0.000388484,0.000384856,0.000375617,0.000361222,0.00034139,0.000292921,0.000169583,2.90336e-05,0.00234311
353,0.000236572,0.000234356,0.000228714,0.000219924,0.000207817,0.000178235,0.000103037,1.75675e-05,0.00142622
354,0.000806875,0.000799292,0.000779991,0.000749921,0.000708506,0.000607361,0.00035054,5.949e-05,0.00486198
355,0.000527687,0.000522714,0.000510057,0.00049034,0.000463187,0.000396896,0.000228743,3.86628e-05,0.00317829
356,0.000326071,0.000322991,0.000315153,0.000302942,0.000286129,0.000245093,0.000141088,2.37674e-05,0.00196323
357,0.000171764,0.000170137,0.000165995,0.000159545,0.000150664,0.000128997,7.4141e-05,1.24345e-05,0.00103368
358,0.00144703,0.00143327,0.00139825,0.00134371,0.00126865,0.00108557,0.000622724,0.000103866,0.00870306
359,0.000616433,0.000610561,0.000595616,0.000572342,0.00054031,0.000462206,0.00026488,4.40584e-05,0.00370641
360,0.00037361,0.000370044,0.00036097,0.00034684,0.000327394,0.00027999,0.000160306,2.65932e-05,0.00224575
361,0.000240394,0.000238092,0.000232234,0.000223114,0.000210565,0.000179984,0.00010287,1.69816e-05,0.00144423
362,5.76643e-05,5.71105e-05,5.57012e-05,5.35071e-05,5.04886e-05,4.31358e-05,2.46151e-05,4.04522e-06,0.000346268
363,0.00150233,0.00148786,0.00145103,0.00139371,0.00131487,0.00112288,0.000639789,0.000104691,0.00901716
364,0.000144875,0.000143477,0.000139918,0.000134378,0.00012676,0.000108212,6.15835e-05,1.00432e-05,0.000869247
365,0.00010531,0.000104291,0.000101697,9.76602e-05,9.21088e-05,7.85985e-05,4.46671e-05,7.2554e-06,0.000631588
366,0.000256299,0.000253811,0.000247482,0.000237631,0.000224086,0.000191135,0.000108462,1.75451e-05,0.00153645
367,0.000129268,0.00012801,0.000124809,0.000119827,0.000112979,9.63231e-05,5.45788e-05,8.79184e-06,0.000774587
368,0.000651181,0.00064482,0.000628639,0.000603461,0.000568853,0.000484724,0.000274145,4.39294e-05,0.00389975
369,0.000149094,0.000147634,0.000143921,0.000138144,0.000130205,0.00011091,6.26533e-05,1.00063e-05,0.000892568
370,0.000171529,0.000169846,0.000165564,0.000158903,0.00014975,0.000127511,7.19411e-05,1.14491e-05,0.00102649
371,0.000100059,9.90743e-05,9.65688e-05,9.26713e-05,8.73163e-05,7.4311e-05,4.18537e-05,6.62848e-06,0.000598483
372,8.44204e-05,8.35877e-05,8.14695e-05,7.81748e-05,7.36484e-05,6.26584e-05,3.52519e-05,5.56562e-06,0.000504777
373,0.000175685,0.000173946,0.000169525,0.000162649,0.000153204,0.000130279,7.31765e-05,1.15004e-05,0.00104996
374,0.000105743,0.000104695,0.000102028,9.78816e-05,9.21863e-05,7.83665e-05,4.39696e-05,6.88895e-06,0.000631759
375,0.00012843,0.000127153,0.000123905,0.000118854,0.000111918,9.50943e-05,5.32685e-05,8.30773e-06,0.000766931
376,0.000181804,0.000179992,0.000175382,0.000168214,0.000158373,0.00013451,7.52412e-05,1.1688e-05,0.0010852
377,0.000163848,0.00016221,0.000158046,0.00015157,0.000142681,0.000121132,6.76657e-05,1.04707e-05,0.000977624
378,8.12864e-05,8.04716e-05,7.83997e-05,7.51785e-05,7.0757e-05,6.00431e-05,3.34885e-05,5.15944e-06,0.000484784
379,7.56401e-05,7.48799e-05,7.2947e-05,6.99421e-05,6.58182e-05,5.58286e-05,3.10938e-05,4.77145e-06,0.000450921
380,0.000148482,0.000146986,0.000143182,0.00013727,0.000129157,0.00010951,6.09094e-05,9.31138e-06,0.000884806
381,0.000247088,0.000244592,0.000238246,0.000228383,0.00021485,0.00018209,0.000101133,1.53981e-05,0.00147178
382,0.000172741,0.00017099,0.000166539,0.000159621,0.000150131,0.000127167,7.04956e-05,1.06765e-05,0.00102836
383,0.000123625,0.000122369,0.000119176,0.000114215,0.000107409,9.09459e-05,5.03526e-05,7.5989e-06,0.000735693
384,7.64005e-05,7.56226e-05,7.36452e-05,7.05726e-05,6.63588e-05,5.61678e-05,3.1061e-05,4.67203e-06,0.000454501
385,9.98718e-05,9.88524e-05,9.62613e-05,9.22354e-05,8.67149e-05,7.3368e-05,4.05176e-05,6.07122e-06,0.000593893
386,0.000256172,0.00025355,0.000246888,0.000236536,0.000222344,0.000188043,0.000103701,1.54774e-05,0.00152271
387,5.4428e-05,5.38696e-05,5.24505e-05,5.02459e-05,4.72236e-05,3.99215e-05,2.19846e-05,3.26825e-06,0.000323392
388,5.63022e-05,5.57229e-05,5.42508e-05,5.19641e-05,4.88298e-05,4.12597e-05,2.26855e-05,3.35744e-06,0.000334372
389,3.72696e-05,3.68851e-05,3.59082e-05,3.43909e-05,3.23114e-05,2.72908e-05,1.4984e-05,2.20888e-06,0.000221249
390,0.00413416,0.00409142,0.00398281,0.00381413,0.00358299,0.00302509,0.00165879,0.000243654,0.024533
391,5.58893e-05,5.531e-05,5.38381e-05,5.15521e-05,4.84202e-05,4.08632e-05,2.23748e-05,3.27331e-06,0.000331521
392,3.22021e-05,3.18674e-05,3.10171e-05,2.96967e-05,2.78879e-05,2.35249e-05,1.2862e-05,1.8738e-06,0.000190932
393,4.56128e-05,4.51373e-05,4.39292e-05,4.20534e-05,3.94842e-05,3.32897e-05,1.81691e-05,2.6341e-06,0.00027031
394,8.47194e-05,8.3834e-05,8.15845e-05,7.80921e-05,7.33095e-05,6.17819e-05,3.36718e-05,4.86218e-06,0.000501855
395,3.88589e-05,3.8452e-05,3.74183e-05,3.58135e-05,3.36161e-05,2.8321e-05,1.54186e-05,2.21973e-06,0.000230118
396,0.000785776,0.000777535,0.000756599,0.0007241,0.000679603,0.000572399,0.000311348,4.47107e-05,0.00465207
397,0.000139851,0.000138378,0.000134637,0.000128831,0.000120883,0.000101744,5.52149e-05,7.87818e-06,0.000827417
398,7.72401e-05,7.64249e-05,7.43542e-05,7.11405e-05,6.6742e-05,5.61536e-05,3.04349e-05,4.32704e-06,0.000456817
399,3.59763e-05,3.55959e-05,3.46295e-05,3.31299e-05,3.10776e-05,2.61386e-05,1.41512e-05,2.00569e-06,0.000212705
400,5.2253e-05,5.16992e-05,5.02926e-05,4.811e-05,4.51234e-05,3.79378e-05,2.05134e-05,2.89722e-06,0.000308827
401,3.48739e-05,3.45033e-05,3.35619e-05,3.21013e-05,3.0103e-05,2.5297e-05,1.36562e-05,1.92001e-06,0.000206017
402,6.04283e-05,5.97846e-05,5.81498e-05,5.56136e-05,5.21441e-05,4.38024e-05,2.36158e-05,3.30848e-06,0.000356847
403,1.15831e-05,1.14594e-05,1.1145e-05,1.06574e-05,9.9904e-06,8.38753e-06,4.51369e-06,6.29076e-07,6.83655e-05
404,3.60547e-05,3.56688e-05,3.46889e-05,3.31688e-05,3.109e-05,2.6095e-05,1.40306e-05,1.95068e-06,0.000212747
405,1.77573e-05,1.75667e-05,1.70826e-05,1.63317e-05,1.5305e-05,1.28391e-05,6.89075e-06,9.53206e-07,0.000104726
406,5.04936e-05,4.99503e-05,4.85708e-05,4.64314e-05,4.35064e-05,3.64833e-05,1.95565e-05,2.69597e-06,0.000297688
407,3.82721e-05,3.78592e-05,3.68108e-05,3.51851e-05,3.29628e-05,2.76287e-05,1.4787e-05,2.02963e-06,0.000225535
408,1.22863e-05,1.21534e-05,1.1816e-05,1.12928e-05,1.05778e-05,8.8621e-06,4.73596e-06,6.4735e-07,7.23716e-05
409,3.72377e-05,3.68339e-05,3.58088e-05,3.42194e-05,3.20473e-05,2.68375e-05,1.4321e-05,1.94947e-06,0.000219255
410,3.42338e-05,3.3862e-05,3.29181e-05,3.14546e-05,2.94548e-05,2.46594e-05,1.31462e-05,1.78483e-06,0.000201514
411,3.28118e-05,3.24544e-05,3.15471e-05,3.01406e-05,2.82191e-05,2.36129e-05,1.25672e-05,1.69827e-06,0.000193051
412,1.22523e-05,1.21185e-05,1.17789e-05,1.12525e-05,1.05335e-05,8.81042e-06,4.68251e-06,6.3031e-07,7.20589e-05
413,1.49863e-05,1.48223e-05,1.4406e-05,1.37609e-05,1.28796e-05,1.07686e-05,5.71588e-06,7.66657e-07,8.81063e-05
414,6.556e-05,6.48409e-05,6.30157e-05,6.0187e-05,5.6324e-05,4.70727e-05,2.49512e-05,3.33379e-06,0.000385285
415,5.99151e-06,5.92562e-06,5.75837e-06,5.49919e-06,5.1453e-06,4.2981e-06,2.27459e-06,3.0256e-07,3.51952e-05
416,2.7458e-05,2.71553e-05,2.6387e-05,2.51966e-05,2.35715e-05,1.96821e-05,1.04015e-05,1.37828e-06,0.00016123
417,7.78871e-06,7.70262e-06,7.48414e-06,7.14564e-06,6.68357e-06,5.57816e-06,2.94335e-06,3.88332e-07,4.57145e-05
418,9.87716e-05,9.76769e-05,9.48988e-05,9.05949e-05,8.47209e-05,7.0674e-05,3.72307e-05,4.88982e-06,0.000579458
419,1.73451e-05,1.71523e-05,1.66633e-05,1.59057e-05,1.48719e-05,1.24005e-05,6.52268e-06,8.53106e-07,0.000101714
420,6.69214e-06,6.61763e-06,6.42857e-06,6.13572e-06,5.73615e-06,4.78123e-06,2.51198e-06,3.27472e-07,3.92309e-05
421,8.45805e-06,8.36373e-06,8.12441e-06,7.75373e-06,7.248e-06,6.03964e-06,3.1701e-06,4.12168e-07,4.95698e-05
422,1.01132e-05,1.00001e-05,9.71317e-06,9.26877e-06,8.66256e-06,7.21469e-06,3.78045e-06,4.89217e-07,5.92422e-05
423,7.62761e-06,7.54212e-06,7.32522e-06,6.98933e-06,6.53121e-06,5.43739e-06,2.84536e-06,3.66848e-07,4.46651e-05
424,0.000234018,0.000231387,0.00022471,0.000214372,0.000200275,0.000166631,8.70204e-05,1.11564e-05,0.00136957
425,1.05176e-05,1.03991e-05,1.00986e-05,9.63326e-06,8.99881e-06,7.48502e-06,3.90525e-06,4.99366e-07,6.1537e-05
426,1.5995e-05,1.58144e-05,1.53563e-05,1.46471e-05,1.36803e-05,1.13743e-05,5.92623e-06,7.54889e-07,9.35485e-05
427,5.9541e-06,5.8867e-06,5.71574e-06,5.45109e-06,5.09035e-06,4.23024e-06,2.20052e-06,2.79064e-07,3.48078e-05
428,9.30288e-05,9.19743e-05,8.92997e-05,8.51595e-05,7.95165e-05,6.60642e-05,3.43378e-05,4.34476e-06,0.000543726
429,6.57079e-06,6.49611e-06,6.30668e-06,6.01349e-06,5.61395e-06,4.66186e-06,2.41904e-06,3.04671e-07,3.83866e-05
430,1.75032e-05,1.73037e-05,1.67978e-05,1.60149e-05,1.49481e-05,1.2407e-05,6.42774e-06,8.05982e-07,0.000102209
431,3.97582e-06,3.93042e-06,3.81527e-06,3.63708e-06,3.39432e-06,2.81622e-06,1.45715e-06,1.8207e-07,2.32084e-05
432,1.58334e-05,1.56521e-05,1.51923e-05,1.44808e-05,1.35117e-05,1.12048e-05,5.78786e-06,7.19859e-07,9.23829e-05
433,7.93683e-06,7.84581e-06,7.61501e-06,7.2579e-06,6.77151e-06,5.61394e-06,2.89738e-06,3.59498e-07,4.62979e-05
434,2.06232e-06,2.03861e-06,1.97848e-06,1.88545e-06,1.75877e-06,1.45739e-06,7.50927e-07,9.27493e-08,1.20247e-05
435,6.39796e-06,6.32423e-06,6.1373e-06,5.84812e-06,5.45437e-06,4.51792e-06,2.32484e-06,2.8611e-07,3.72908e-05
436,3.25422e-06,3.21666e-06,3.12144e-06,2.97414e-06,2.7736e-06,2.29676e-06,1.18076e-06,1.44937e-07,1.89625e-05
437,5.96957e-05,5.90041e-05,5.72505e-05,5.45385e-05,5.0847e-05,4.20744e-05,2.15782e-05,2.63102e-06,0.000347619
438,1.30127e-05,1.28616e-05,1.24787e-05,1.18866e-05,1.10806e-05,9.16581e-06,4.69556e-06,5.70777e-07,7.57524e-05
439,0.000131076,0.000129551,0.000125687,0.00011971,0.000111578,9.22618e-05,4.72063e-05,5.7186e-06,0.000762789
440,2.49034e-06,2.46132e-06,2.38777e-06,2.27403e-06,2.11927e-06,1.7518e-06,8.95328e-07,1.08129e-07,1.4488e-05
441,2.1879e-06,2.16236e-06,2.09761e-06,1.99749e-06,1.86128e-06,1.53795e-06,7.85024e-07,9.44728e-08,1.27241e-05
442,2.12357e-06,2.09872e-06,2.03574e-06,1.93836e-06,1.8059e-06,1.49156e-06,7.60296e-07,9.11482e-08,1.23453e-05
443,2.78736e-06,2.75466e-06,2.67178e-06,2.54367e-06,2.36942e-06,1.95607e-06,9.9552e-07,1.18836e-07,1.61973e-05
444,2.33769e-05,2.31021e-05,2.24057e-05,2.13293e-05,1.98654e-05,1.63939e-05,8.33345e-06,9.91466e-07,0.000135798
445,2.47423e-06,2.44507e-06,2.37114e-06,2.25689e-06,2.10155e-06,1.73331e-06,8.79435e-07,1.0409e-07,1.43657e-05
446,1.54752e-05,1.52924e-05,1.4829e-05,1.41128e-05,1.31392e-05,1.08321e-05,5.48786e-06,6.46917e-07,8.98154e-05
447,5.45216e-06,5.38762e-06,5.22406e-06,4.97131e-06,4.62774e-06,3.81383e-06,1.92998e-06,2.26789e-07,3.16335e-05
448,9.3713e-06,9.26007e-06,8.97822e-06,8.54271e-06,7.95083e-06,6.54919e-06,3.30874e-06,3.87039e-07,5.43481e-05
449,3.48104e-06,3.43965e-06,3.33476e-06,3.17271e-06,2.9525e-06,2.43116e-06,1.22685e-06,1.43056e-07,2.01817e-05
450,1.10843e-05,1.09522e-05,1.06175e-05,1.01004e-05,9.39791e-06,7.73521e-06,3.89806e-06,4.528e-07,6.42384e-05
451,4.54986e-06,4.49552e-06,4.35785e-06,4.14518e-06,3.85626e-06,3.1727e-06,1.59667e-06,1.84777e-07,2.63588e-05
452,5.52393e-06,5.45783e-06,5.29038e-06,5.03173e-06,4.68038e-06,3.84934e-06,1.9349e-06,2.23187e-07,3.19917e-05
453,9.54845e-07,9.43382e-07,9.14343e-07,8.69493e-07,8.08583e-07,6.64587e-07,3.33357e-07,3.82297e-08,5.52682e-06
454,1.67005e-06,1.64997e-06,1.59912e-06,1.52059e-06,1.41394e-06,1.16186e-06,5.8233e-07,6.66375e-08,9.66449e-06
455,8.48102e-07,8.37889e-07,8.12017e-07,7.72063e-07,7.17814e-07,5.89624e-07,2.95165e-07,3.36641e-08,4.90634e-06
456,1.31373e-05,1.29786e-05,1.25768e-05,1.19563e-05,1.11139e-05,9.12429e-06,4.55959e-06,5.17516e-07,7.59644e-05
457,8.22321e-07,8.12367e-07,7.87154e-07,7.48227e-07,6.95389e-07,5.70631e-07,2.84717e-07,3.21788e-08,4.75298e-06
458,3.10264e-05,3.06503e-05,2.96976e-05,2.82269e-05,2.62308e-05,2.15187e-05,1.07268e-05,1.20923e-06,0.000179287
459,2.64482e-06,2.61268e-06,2.53128e-06,2.40562e-06,2.23511e-06,1.83273e-06,9.1218e-07,1.02394e-07,1.52768e-05
460,6.02543e-06,5.95204e-06,5.76619e-06,5.47933e-06,5.0901e-06,4.17193e-06,2.07347e-06,2.31837e-07,3.47903e-05
461,2.05776e-06,2.03264e-06,1.96905e-06,1.87091e-06,1.73776e-06,1.42375e-06,7.06727e-07,7.87482e-08,1.18773e-05
462,3.33582e-06,3.29503e-06,3.19175e-06,3.03235e-06,2.81614e-06,2.30639e-06,1.14341e-06,1.26966e-07,1.92479e-05
463,1.27748e-06,1.26182e-06,1.22215e-06,1.16094e-06,1.07793e-06,8.82306e-07,4.36587e-07,4.82282e-08,7.36745e-06
464,1.03933e-06,1.02657e-06,9.94236e-07,9.4435e-07,8.76704e-07,7.17337e-07,3.54532e-07,3.90353e-08,5.99209e-06
465,1.54721e-06,1.52815e-06,1.47991e-06,1.40548e-06,1.30456e-06,1.0669e-06,5.26456e-07,5.77111e-08,8.91637e-06
466,3.77973e-06,3.73312e-06,3.61512e-06,3.43307e-06,3.18626e-06,2.60515e-06,1.28445e-06,1.40487e-07,2.17774e-05
467,4.61353e-06,4.55654e-06,4.41225e-06,4.18967e-06,3.88795e-06,3.17774e-06,1.56495e-06,1.70625e-07,2.65733e-05
468,2.39754e-06,2.36784e-06,2.29266e-06,2.1767e-06,2.01955e-06,1.64976e-06,8.11051e-07,8.80065e-08,1.38031e-05
469,2.69665e-06,2.6632e-06,2.57853e-06,2.44793e-06,2.27095e-06,1.8546e-06,9.10917e-07,9.85929e-08,1.55214e-05
470,1.26824e-06,1.25247e-06,1.21253e-06,1.15095e-06,1.0675e-06,8.7129e-07,4.27141e-07,4.59925e-08,7.29612e-06
471,1.8643e-06,1.84106e-06,1.78225e-06,1.69155e-06,1.56867e-06,1.27984e-06,6.26614e-07,6.72309e-08,1.07215e-05
472,6.27194e-07,6.19355e-07,5.99516e-07,5.68925e-07,5.2749e-07,4.30131e-07,2.1022e-07,2.24452e-08,3.60527e-06
473,1.54323e-06,1.52391e-06,1.475e-06,1.3996e-06,1.29748e-06,1.05761e-06,5.16261e-07,5.49366e-08,8.86803e-06
474,1.58288e-07,1.56303e-07,1.51279e-07,1.43533e-07,1.33044e-07,1.08411e-07,5.28619e-08,5.6083e-09,9.09329e-07
475,1.09983e-05,1.08602e-05,1.05105e-05,9.97136e-06,9.24142e-06,7.52771e-06,3.66628e-06,3.87725e-07,6.31635e-05
476,1.43274e-05,1.41469e-05,1.36901e-05,1.2986e-05,1.20327e-05,9.79581e-06,4.762e-06,5.01024e-07,8.2242e-05
477,2.86658e-07,2.83038e-07,2.73876e-07,2.59755e-07,2.40642e-07,1.95808e-07,9.50324e-08,9.95394e-09,1.64476e-06
478,1.91825e-07,1.89397e-07,1.83255e-07,1.73789e-07,1.60978e-07,1.30934e-07,6.34659e-08,6.62432e-09,1.10027e-06
479,1.58973e-07,1.56958e-07,1.51861e-07,1.44007e-07,1.33378e-07,1.08457e-07,5.25258e-08,5.46957e-09,9.11629e-07
480,1.69946e-07,1.67788e-07,1.62327e-07,1.53914e-07,1.4253e-07,1.15849e-07,5.60254e-08,5.81116e-09,9.7419e-07
481,2.47385e-06,2.44235e-06,2.36268e-06,2.23992e-06,2.07385e-06,1.68478e-06,8.13426e-07,8.39897e-08,1.41748e-05
482,0,0,0,0,0,0,0,0,0
483,1.69478e-06,1.67309e-06,1.61825e-06,1.53376e-06,1.4195e-06,1.15202e-06,5.54375e-07,5.6726e-08,9.7025e-06
484,7.5367e-07,7.44022e-07,7.19617e-07,6.82025e-07,6.3119e-07,5.12193e-07,2.4638e-07,2.51836e-08,4.31428e-06
485,6.01432e-06,5.93707e-06,5.74169e-06,5.44076e-06,5.03392e-06,4.08207e-06,1.95919e-06,1.99029e-07,3.44081e-05
486,3.65888e-07,3.61183e-07,3.49283e-07,3.30956e-07,3.06181e-07,2.48228e-07,1.19045e-07,1.20681e-08,2.09283e-06
487,1.7007e-07,1.67877e-07,1.62331e-07,1.5379e-07,1.42247e-07,1.15256e-07,5.51715e-08,5.56435e-09,9.72306e-07
488,2.88015e-06,2.84293e-06,2.74879e-06,2.60383e-06,2.40795e-06,1.95012e-06,9.32028e-07,9.35966e-08,1.64594e-05
489,1.67545e-06,1.65377e-06,1.59895e-06,1.51453e-06,1.40046e-06,1.1339e-06,5.41495e-07,5.42582e-08,9.57282e-06
490,1.36441e-06,1.34672e-06,1.30197e-06,1.23309e-06,1.14003e-06,9.22635e-07,4.39969e-07,4.39116e-08,7.79274e-06
491,3.74749e-07,3.6988e-07,3.57566e-07,3.38611e-07,3.13005e-07,2.53209e-07,1.20578e-07,1.19888e-08,2.13959e-06
492,1.08834e-06,1.07417e-06,1.03834e-06,9.83185e-07,9.08691e-07,7.34783e-07,3.4942e-07,3.46107e-08,6.21154e-06
493,4.17865e-07,4.12413e-07,3.98627e-07,3.77409e-07,3.48754e-07,2.81884e-07,1.33854e-07,1.32061e-08,2.38401e-06
494,1.36037e-05,1.34257e-05,1.29758e-05,1.22834e-05,1.13484e-05,9.16754e-06,4.34563e-06,4.26691e-07,7.75768e-05
495,0,0,0,0,0,0,0,0,0
496,9.87915e-07,9.74938e-07,9.42133e-07,8.91657e-07,8.23523e-07,6.64691e-07,3.14202e-07,3.06166e-08,5.62967e-06
497,1.78835e-06,1.76486e-06,1.70546e-06,1.61407e-06,1.49071e-06,1.20314e-06,5.68647e-07,5.53881e-08,1.01906e-05
498,2.81955e-07,2.78237e-07,2.68839e-07,2.54381e-07,2.34871e-07,1.89417e-07,8.9302e-08,8.63912e-09,1.60564e-06
499,3.32338e-07,3.27946e-07,3.16845e-07,2.99768e-07,2.76727e-07,2.23067e-07,1.05004e-07,1.01155e-08,1.89181e-06
500,6.7833e-07,6.69359e-07,6.46684e-07,6.11807e-07,5.64751e-07,4.55175e-07,2.14165e-07,2.06049e-08,3.86088e-06
501,2.91691e-07,2.87827e-07,2.78063e-07,2.63044e-07,2.42782e-07,1.95613e-07,9.19414e-08,8.82036e-09,1.65978e-06
502,8.29201e-07,8.18189e-07,7.90359e-07,7.4756e-07,6.89832e-07,5.55499e-07,2.60623e-07,2.48796e-08,4.71614e-06
503,1.66536e-07,1.64318e-07,1.58714e-07,1.50096e-07,1.38475e-07,1.11445e-07,5.21888e-08,4.95661e-09,9.4673e-07
504,0,0,0,0,0,0,0,0,0
505,0,0,0,0,0,0,0,0,0
506,3.97284e-07,3.91969e-07,3.7854e-07,3.57895e-07,3.30062e-07,2.65374e-07,1.23877e-07,1.16633e-08,2.25666e-06
507,1.57758e-07,1.55644e-07,1.50302e-07,1.4209e-07,1.31022e-07,1.05303e-07,4.90957e-08,4.60703e-09,8.95822e-07
508,1.70662e-06,1.68369e-06,1.62576e-06,1.53672e-06,1.41672e-06,1.13801e-06,5.29641e-07,4.94614e-08,9.68663e-06
509,0,0,0,0,0,0,0,0,0
510,2.44283e-06,2.40989e-06,2.32666e-06,2.19876e-06,2.02644e-06,1.62647e-06,7.54992e-07,7.00033e-08,1.3856e-05
511,1.9754e-07,1.94872e-07,1.88132e-07,1.77775e-07,1.63822e-07,1.31445e-07,6.09514e-08,5.63524e-09,1.12017e-06
512,2.18742e-07,2.1578e-07,2.08298e-07,1.96802e-07,1.81317e-07,1.454e-07,6.73007e-08,6.19154e-09,1.23983e-06
513,1.4356e-06,1.41612e-06,1.36692e-06,1.29133e-06,1.18952e-06,9.53459e-07,4.40678e-07,4.03802e-08,8.13401e-06
514,0,0,0,0,0,0,0,0,0
515,0,0,0,0,0,0,0,0,0
516,2.02573e-05,1.99809e-05,1.92828e-05,1.82106e-05,1.67673e-05,1.34237e-05,6.18019e-06,5.60326e-07,0.000114663
517,0,0,0,0,0,0,0,0,0
518,0,0,0,0,0,0,0,0,0
519,0,0,0,0,0,0,0,0,0
520,0,0,0,0,0,0,0,0,0
521,0,0,0,0,0,0,0,0,0
522,0,0,0,0,0,0,0,0,0
523,0,0,0,0,0,0,0,0,0
524,1.42429e-06,1.40455e-06,1.35473e-06,1.27826e-06,1.17544e-06,9.37856e-07,4.27086e-07,3.75829e-08,8.0398e-06
525,0,0,0,0,0,0,0,0,0
526,1.27138e-07,1.25369e-07,1.20904e-07,1.14052e-07,1.04841e-07,8.35746e-08,3.79474e-08,3.31277e-09,7.17138e-07
527,0,0,0,0,0,0,0,0,0
528,0,0,0,0,0,0,0,0,0
529,0,0,0,0,0,0,0,0,0
530,3.07124e-07,3.02823e-07,2.91969e-07,2.75315e-07,2.52941e-07,2.01338e-07,9.09885e-08,7.84178e-09,1.73034e-06
531,0,0,0,0,0,0,0,0,0
532,0,0,0,0,0,0,0,0,0
533,0,0,0,0,0,0,0,0,0
534,0,0,0,0,0,0,0,0,0
535,0,0,0,0,0,0,0,0,0
536,2.73696e-06,2.69817e-06,2.6003e-06,2.45024e-06,2.2488e-06,1.78519e-06,7.99773e-07,6.73134e-08,1.53867e-05
537,0,0,0,0,0,0,0,0,0
538,0,0,0,0,0,0,0,0,0
539,0,0,0,0,0,0,0,0,0
540,1.46644e-06,1.44549e-06,1.39263e-06,1.31162e-06,1.20295e-06,9.53192e-07,4.24514e-07,3.51579e-08,8.23199e-06
541,0,0,0,0,0,0,0,0,0
542,0,0,0,0,0,0,0,0,0
543,0,0,0,0,0,0,0,0,0
544,0,0,0,0,0,0,0,0,0
545,3.93934e-06,3.88253e-06,3.73928e-06,3.5198e-06,3.22558e-06,2.5505e-06,1.12823e-06,9.17328e-08,2.2077e-05
546,0,0,0,0,0,0,0,0,0
547,0,0,0,0,0,0,0,0,0
548,0,0,0,0,0,0,0,0,0
549,0,0,0,0,0,0,0,0,0
550,7.48656e-07,7.37764e-07,7.10302e-07,6.68246e-07,6.11907e-07,4.82844e-07,2.12182e-07,1.69443e-08,4.18884e-06
551,1.24871e-07,1.23052e-07,1.18467e-07,1.11446e-07,1.02041e-07,8.04992e-08,3.53478e-08,2.81695e-09,6.9854e-07
552,0,0,0,0,0,0,0,0,0
553,0,0,0,0,0,0,0,0,0
554,0,0,0,0,0,0,0,0,0
555,0,0,0,0,0,0,0,0,0
556,0,0,0,0,0,0,0,0,0
557,0,0,0,0,0,0,0,0,0
558,0,0,0,0,0,0,0,0,0
559,0,0,0,0,0,0,0,0,0
560,3.62245e-07,3.56883e-07,3.43371e-07,3.22696e-07,2.95037e-07,2.31873e-07,1.0059e-07,7.75621e-09,2.02045e-06
561,0,0,0,0,0,0,0,0,0
562,0,0,0,0,0,0,0,0,0
563,0,0,0,0,0,0,0,0,0
564,0,0,0,0,0,0,0,0,0
565,0,0,0,0,0,0,0,0,0
566,0,0,0,0,0,0,0,0,0
567,0,0,0,0,0,0,0,0,0
568,0,0,0,0,0,0,0,0,0
569,0,0,0,0,0,0,0,0,0
570,0,0,0,0,0,0,0,0,0
571,0,0,0,0,0,0,0,0,0
572,0,0,0,0,0,0,0,0,0
573,0,0,0,0,0,0,0,0,0
574,0,0,0,0,0,0,0,0,0
575,1.47716e-07,1.4547e-07,1.39815e-07,1.31173e-07,1.19636e-07,9.34211e-08,3.97055e-08,2.89567e-09,8.19832e-07
576,0,0,0,0,0,0,0,0,0
577,0,0,0,0,0,0,0,0,0
578,0,0,0,0,0,0,0,0,0
579,0,0,0,0,0,0,0,0,0
580,0,0,0,0,0,0,0,0,0
581,0,0,0,0,0,0,0,0,0
582,0,0,0,0,0,0,0,0,0
583,0,0,0,0,0,0,0,0,0
584,0,0,0,0,0,0,0,0,0
585,0,0,0,0,0,0,0,0,0
586,0,0,0,0,0,0,0,0,0
587,0,0,0,0,0,0,0,0,0
588,0,0,0,0,0,0,0,0,0
589,0,0,0,0,0,0,0,0,0
590,0,0,0,0,0,0,0,0,0
591,0,0,0,0,0,0,0,0,0
592,0,0,0,0,0,0,0,0,0
593,0,0,0,0,0,0,0,0,0
594,0,0,0,0,0,0,0,0,0
595,0,0,0,0,0,0,0,0,0
596,0,0,0,0,0,0,0,0,0
597,0,0,0,0,0,0,0,0,0
598,0,0,0,0,0,0,0,0,0
599,0,0,0,0,0,0,0,0,0
600,0,0,0,0,0,0,0,0,0
601,0,0,0,0,0,0,0,0,0
602,0,0,0,0,0,0,0,0,0
603,0,0,0,0,0,0,0,0,0
604,0,0,0,0,0,0,0,0,0
605,0,0,0,0,0,0,0,0,0
606,0,0,0,0,0,0,0,0,0
607,0,0,0,0,0,0,0,0,0
608,0,0,0,0,0,0,0,0,0
609,0,0,0,0,0,0,0,0,0
610,0,0,0,0,0,0,0,0,0
611,0,0,0,0,0,0,0,0,0
612,0,0,0,0,0,0,0,0,0
613,0,0,0,0,0,0,0,0,0
614,0,0,0,0,0,0,0,0,0
615,0,0,0,0,0,0,0,0,0
616,0,0,0,0,0,0,0,0,0
617,0,0,0,0,0,0,0,0,0
618,0,0,0,0,0,0,0,0,0
619,0,0,0,0,0,0,0,0,0
620,0,0,0,0,0,0,0,0,0
621,0,0,0,0,0,0,0,0,0
622,0,0,0,0,0,0,0,0,0
623,0,0,0,0,0,0,0,0,0
624,0,0,0,0,0,0,0,0,0
625,0,0,0,0,0,0,0,0,0
626,0,0,0,0,0,0,0,0,0
627,0,0,0,0,0,0,0,0,0
628,0,0,0,0,0,0,0,0,0
629,0,0,0,0,0,0,0,0,0
630,0,0,0,0,0,0,0,0,0
631,0,0,0,0,0,0,0,0,0
632,0,0,0,0,0,0,0,0,0
633,0,0,0,0,0,0,0,0,0
634,0,0,0,0,0,0,0,0,0
635,0,0,0,0,0,0,0,0,0
636,0,0,0,0,0,0,0,0,0
637,2.66263e-07,2.61787e-07,2.5055e-07,2.33471e-07,2.10868e-07,1.60509e-07,6.29318e-08,3.68638e-09,1.45007e-06
