distance_m,band_hz,hits,spl_sim,spl_geom,spl_air,diff_geom,diff_air
1,63,20318.08808,79.19877235,79.1303757,79.13024405,0.06839665478,0.06852830141
1,125,20318.08808,79.1984834,79.1303757,79.12990688,0.06810770006,0.06857652285
1,250,20318.08808,79.19773488,79.1303757,79.12903344,0.06735917811,0.06870143765
1,500,20318.08808,79.19653177,79.1303757,79.12762956,0.06615607554,0.06890221556
1,1000,20318.08808,79.19478927,79.1303757,79.12559626,0.06441356841,0.06919300717
1,2000,20318.08808,79.1899944,79.1303757,79.12000131,0.05961870288,0.06999309319
1,4000,20318.08808,79.17195234,79.1303757,79.0989499,0.04157663679,0.07300243934
1,8000,20318.08808,79.10398032,79.1303757,79.01965586,-0.02639538102,0.08432445541
2,63,5026.020914,73.13205523,73.10977579,73.10951249,0.02227944853,0.02254274122
2,125,5026.020914,73.13142717,73.10977579,73.10883815,0.02165138576,0.02258902546
2,250,5026.020914,73.12980021,73.10977579,73.10709129,0.0200244293,0.02270892106
2,500,5026.020914,73.12718519,73.10977579,73.10428355,0.0174094003,0.02290163372
2,1000,5026.020914,73.1233978,73.10977579,73.10021706,0.01362200993,0.02318073364
2,2000,5026.020914,73.11297729,73.10977579,73.08902882,0.003201501244,0.02394846474
2,4000,5026.020914,73.07378474,73.10977579,73.04695121,-0.03599104386,0.02683353398
2,8000,5026.020914,72.92635729,73.10977579,72.88870254,-0.1834184926,0.03765475431
4,63,1262.00532,67.13016089,67.08917587,67.08864929,0.04098501413,0.04151159725
4,125,1262.00532,67.1288591,67.08917587,67.08730062,0.03968322954,0.04155848548
4,250,1262.00532,67.12548694,67.08917587,67.083807,0.03631106927,0.04167994348
4,500,1262.00532,67.12006676,67.08917587,67.07819159,0.03089089127,0.04187517166
4,1000,1262.00532,67.11221693,67.08917587,67.07005904,0.02304106039,0.04215789262
4,2000,1262.00532,67.09062441,67.08917587,67.04768921,0.001448543011,0.04293520361
4,4000,1262.00532,67.00948572,67.08917587,66.96363471,-0.07969015607,0.04585101023
4,8000,1262.00532,66.70520935,67.08917587,66.64848932,-0.3839665191,0.05672003348
8,63,292.0011679,60.77286834,61.06857596,61.0675228,-0.295707618,-0.2946544608
8,125,292.0011679,60.77021557,61.06857596,61.06482554,-0.2983603916,-0.2946099736
8,250,292.0011679,60.76334391,61.06857596,61.05783865,-0.3052320506,-0.2944947394
8,500,292.0011679,60.75229864,61.06857596,61.04660814,-0.3162773219,-0.2943095069
8,1000,292.0011679,60.73630345,61.06857596,61.03034475,-0.3322725068,-0.2940413028
8,2000,292.0011679,60.69232706,61.06857596,60.98563169,-0.376248896,-0.2933046239
8,4000,292.0011679,60.52737346,61.06857596,60.81792462,-0.5412024978,-0.2905511557
8,8000,292.0011679,59.91258172,61.06857596,60.19299478,-1.155994241,-0.2804130615
